path	size_bytes	sha256
CITATION.cff	1019	d3a0f90a7280c12c9f5b0b6d9e4a82297c2e4d94ce6e56957656ec42ae25209e
LICENSE.txt	2054	3488c8f8915202e23d5ed75a6739dd2433ade873688aad0ba19960fcbaa0f700
README.md	24848	4573fe6ba586f35440b4dc7896768be14ee82e9c83541681a8f14f06e705ba71
THIRD_PARTY_LICENSES.md	1432	9a8cd8d45b430c6c42b1af3ac6bb81b5dfce0256ed64ae45cb96f7bd3c056cb3
data/legacy_components/bingol_tables.json	1621	8528c2eddfeebfa4ae6d7088ec2ee08be95ab1bedbf233a7ebf0565dcf203c53
data/legacy_components/nitti_data.xlsx	40131	11c979bb0e3774ebe2595730ffa0a02e650459b4b5d372dec5e999732e900e02
data/legacy_components/snow_digitized_curves.json	2176	00bde5ea5dc313f14c6aa48361b66f27b3db0466991bbc09540b71dfeb28868e
data/processed/CIFAR-10H/derived_summary.csv	227	b1f0a22fd52c0e52df8a035b0e4a1c3c0a3f3e2a704c01052198e016d51e8e44
data/processed/CIFAR-10H/gold.csv	820032	1c8b2268871240c369e7b3209e33919af2e32a43b84afbdddca6aff79c5404d3
data/processed/CIFAR-10H/labels_long.csv	26002230	cfc827db2efcae109d987dbd75a8a3d9e4bfa76bac9fb1985424e90abc6238f6
data/processed/CIFAR-10H/metadata.json	1031	c6d9505c7d144288110589e7472021cbe0353221b15c6596c9446180f22e56ef
data/processed/ChaosNLI/derived_summary.csv	227	be050d4baa79b546a0563fc0112f02e2719277375b99570fa34d95b839b46456
data/processed/ChaosNLI/labels_long.csv	40664430	92410933407808842bb7d9f6d12638cd3716a1ae7060f5ace636b84b0058005f
data/processed/ChaosNLI/metadata.json	1118	e9e16a251862ac583825ff74209ed2e8ebe3c5b01cd056a1337906360999b041
data/processed/Snapshot_Serengeti/derived_summary.csv	233	e7c54780d4517971274541b775b92642bbcc715ff06d96b411a1251e9c0a72d3
data/processed/Snapshot_Serengeti/gold.csv	291306	9fde29ba435fff6c807643ee64b4d68609cbb4f8ca1bc9732dd69ff6d1165d05
data/processed/Snapshot_Serengeti/labels_long.csv	10702562	104a0a92cf373b75f27be00a84f45e9b2f2114b93547c9e03dea5a7bd7a69340
data/processed/Snapshot_Serengeti/metadata.json	1243	12f97011573ba51621a587fd06250f9a2c39f5364d12550cdc04cb86b17e43a5
expected/b2000/b2000_validation_summary.csv	747	e6904a2c4d63aead96c8df8c00f10ea5ebf51f5d7aaf2b8909899428f2661b8c
expected/diagnostics/holdout_by_replicate.csv	223310	3816b6302002118412582b459379f49e7d4d58cf851ed422f045e0144508e529
expected/diagnostics/holdout_nested_summary.csv	14246	4726534e833f3d5be535cc9318ad314d7b196625ad8b234b361ff95cca2b73d2
expected/diagnostics/nested_by_replicate.csv	55273	de3d6c7297c954e7ee3d384d34a88033682237ef2e18ad1b3346a2613c4042e0
expected/diagnostics/population_curves.csv	5203	c8975ca646b121eb70d50d681162ffd1bcce263acfafdaf4b5ae9c162858c966
expected/diagnostics/population_summary.csv	519	3f106e2d4719054862d454416896e4744e50622a6c58a2894877aae9e933fd5c
expected/diagnostics/serengeti_unscoreable.csv	235	a098f28c890361c004dc01cb9ee06b336849504cc47debaba92c433c140cda59
expected/figures/fig1_framework_architecture.png	156752	5aa46303cbe3720ac778bc79f1725a8eead6f95c27d1f65d00a9d3cdd2cb9fda
expected/figures/fig2_saturation_curves.png	163484	8e7457127794e344f73a5346adfab0712e595ec6823e982bf668fa9bc2342664
expected/figures/fig3_nstar_lambda_primary.png	111165	3c5d38ec3ed3154666bd7ebc43b923bbfcc742084391901c49371a7f6eb37ae8
expected/figures/fig4_bingol_retrograde_ratios.png	159177	4c61d235f176bfc53a4d42ef66a85e1bc2c26af1a63cdd2bc064f3d4e37cd3eb
expected/figures/fig5_budget_sensitivity.png	198060	4591c572cfb77742c8daf20682f67bda619f662f22df8a5c243bd703bff0333b
expected/figures/fig6_eta_collapse.png	296911	d85e82f03a13a020e3bc14396a0d4c433a519eabd5c4385020558092b07dc0cf
expected/final_closure/bootstrap_ratio_ci.csv	6619	8dc2a0a5da0845483847fadde88d428e11b11ec64a1f61cdd2eb529b5bebf7fa
expected/final_closure/budget_sensitivity.csv	3724	93b292953ed4ba3c182b60cbfb5b218fdeda6e032fe800dd19acaf6193a4c810
expected/final_closure/dataset_status_report.csv	2221	21c456489c49109c6319cba4a0fa2366cf8f20724d2087299c71066c9950d388
expected/final_closure/figure_data/CIFAR-10H_gold_accuracy_fit_curve.csv	2819	a7988cc86fe9827ea303b3041c252c05eadac10855e7ca6bf0206a04438b0231
expected/final_closure/figure_data/CIFAR-10H_reference_distribution_fit_curve.csv	1770	3d710e36df4ddd0d04c66be98f1b04dc41f19155e0336b46e0901117a6859d54
expected/final_closure/figure_data/ChaosNLI_reference_distribution_fit_curve.csv	3220	1f15260c596f13ef0495eee1acb6a4a465886c6bb287c93b4b2210e41d0494b6
expected/final_closure/figure_data/Snapshot_Serengeti_gold_accuracy_fit_curve.csv	3071	6e18ab3b4b9d9d3c4e4281555c8ede9dca44047c9013e81ab22c6958d1fe23cb
expected/final_closure/final_saturation_summary.csv	1135	b1b1dd18d13cb434a9aa4779148714dbbc16f381bfabc35c2ade22067ee3d504
expected/final_closure/final_utility_summary.csv	116109	d83ff44f9231f1f85ec4412b7eb6c520df38c0ee1a6fa00ce29ac2d774e6d230
expected/final_closure/manuscript_tables/bootstrap_ratio_ci.csv	6619	8dc2a0a5da0845483847fadde88d428e11b11ec64a1f61cdd2eb529b5bebf7fa
expected/final_closure/manuscript_tables/budget_sensitivity.csv	3724	93b292953ed4ba3c182b60cbfb5b218fdeda6e032fe800dd19acaf6193a4c810
expected/final_closure/manuscript_tables/dataset_status_report.csv	2221	21c456489c49109c6319cba4a0fa2366cf8f20724d2087299c71066c9950d388
expected/final_closure/manuscript_tables/final_saturation_summary.csv	1135	b1b1dd18d13cb434a9aa4779148714dbbc16f381bfabc35c2ade22067ee3d504
expected/final_closure/manuscript_tables/final_utility_summary.csv	116109	d83ff44f9231f1f85ec4412b7eb6c520df38c0ee1a6fa00ce29ac2d774e6d230
expected/final_closure/manuscript_tables/model_fit_comparison.csv	1444	75ddf26eaddb8724da398a41b549744834eb05d2709059331d6d75dacccc729f
expected/final_closure/manuscript_tables/table_saturation_and_gate_summary.csv	1277	b489521fcccc754e986d2b00dc9344acadb4dbdc393e034d53ca8c450a30414d
expected/final_closure/model_fit_comparison.csv	1444	75ddf26eaddb8724da398a41b549744834eb05d2709059331d6d75dacccc729f
expected/final_closure/replicate_constants.csv	498	a87132af6d9b5a1dd22365fae8e12675cf1f3b78eab60974d74b26183fbecc1a
expected/final_closure/revision_quantities.csv	1495	ed52cc1dac563e8f6b15dfc13569e1bfd3c603843d3a7dd9b22551cf6c8ae59a
expected/legacy_components/paperB_bingol_results.json	10337	71bcb9df0ddf77f4dc12f734d33bf454c4ea21f7b941e8e02e0634884fa81442
expected/legacy_components/paperB_nitti_results.json	161817	b429c869d602faed15cc5c2a0f96c991469b81f095e2b5c0f3dc83bc8940ee11
expected/legacy_components/paperB_snow_results.json	15219	8bf9739e92477e85c1a89c4205a7ce31f196bd293ffbb9540675da7e0116377f
expected/stage8_curves/CIFAR-10H/gold_accuracy/curve_bootstrap.csv	157250	90791a206c7c5289e9fdcf76136b6425a8c7c992d1106b18c23f1b9bda1f2fa1
expected/stage8_curves/CIFAR-10H/gold_accuracy/curve_metadata.json	649	cb44f8f7b69e48f96e0e6871ab59689660afc528cd22c857fe7c569560c39d94
expected/stage8_curves/CIFAR-10H/gold_accuracy/curve_summary.csv	2466	c9e080e35bbe270923c2cda35b2f454aa550155048a6883ebcb38b84905846ae
expected/stage8_curves/CIFAR-10H/reference_distribution/curve_bootstrap.csv	124898	fd1307c8e9745692deb70bcaf35b487e8280eb25818aaea330e695a95ceec2d0
expected/stage8_curves/CIFAR-10H/reference_distribution/curve_metadata.json	458	b5c50d0b858f14c9f4e9d07f135f1f55def7c5b53fd052c22bf2cafac5e9d85c
expected/stage8_curves/CIFAR-10H/reference_distribution/curve_summary.csv	1606	8b0615bb1eea6bf203c763756281d65d9a0c79c5cfac179e1adf6767a30330cd
expected/stage8_curves/ChaosNLI/reference_distribution/curve_bootstrap.csv	251455	f507c12ca3bdcf6428ed63f23c07ab215673268fe9731bdf0d92f9555ad6b227
expected/stage8_curves/ChaosNLI/reference_distribution/curve_metadata.json	657	c4ba04c800942e1db25372a74e2d3bf8dd43d4fda9f991edc6cbc0825ffaab38
expected/stage8_curves/ChaosNLI/reference_distribution/curve_summary.csv	3199	eb679f8c10cafdb120b3cb34dd9c5a0cdc9b88ac4035b04f75399a6e79abf6d5
expected/stage8_curves/Snapshot_Serengeti/gold_accuracy/curve_bootstrap.csv	104435	cc04c08f1da644dc199acddbb104c4c1a9d94c2da3b29bd00f384804463e223c
expected/stage8_curves/Snapshot_Serengeti/gold_accuracy/curve_metadata.json	426	cd7595cc6898fda76fa3c38f669b859b92a8ba91923f2fed358b5466e5320b76
expected/stage8_curves/Snapshot_Serengeti/gold_accuracy/curve_summary.csv	1351	d630c23a7df772dd4eb11ea0402767d6546a0ead48d3c28f979f5112ce7f136d
requirements.txt	76	1f45ffb12a81fc1d86a6d88220b6068ca323aec49a199df29fb2c282e79fb9f4
scripts/b2000_validation.py	5040	b7fa6d4986db749c782b225a7ebcf9cec394f2a6a82eb7ee36916ae974c5311a
scripts/common_metrics.py	11761	dec917c3f2fd780970d2d2110de0c90fcc961177806e379291c5dc6299c5e5a3
scripts/compute_stage8_curves.py	3119	cf68d023dff6c7436273752ef87822df789af0e4b91c5c0be59f8ebe7ae4300b
scripts/holdout_nested_checks.py	13554	1f29d52c76acd2d2718ed4cd19faca5ac2609902ecdaf55b2661162fe5cfd034
scripts/legacy_reanalysis/paperB_bingol.py	34887	1006d0868cd91e975e14e629d2d08a4624d57eabea7f35a91fe3b44eaa0eee78
scripts/legacy_reanalysis/paperB_nitti.py	30135	6106be373eda6388da0d403b2ff0b2114874b655e60f546c2b4605967cc6f44b
scripts/legacy_reanalysis/paperB_snow.py	31672	8c2a39c0121d9bac11f40e77069321ef0b1244de55c26058a8c5407443ee2422
scripts/make_figures.py	11779	5c8a46b0e3fad470bbefc927aba005194ec31893981d9fb1960052726dbb3ea1
scripts/population_extrapolation.py	8129	cd9fc7b8dd83fc971443ebddf3b4c34ef2b95448c0cc2f5e2bf0800530c4e700
scripts/recompute_final_closure.py	30420	662f9bc4b32f70760cd413436d333dbd1d73897dac10a4d2d90f80121287b6eb
scripts/refit_replicate_constants.py	6282	b1939c093eebc12d33f60190febb8966ad20b26dd4b18e78c79ffc13b30ac71f
scripts/revision_quantities.py	12579	721ddc117eb962c6f144eda0cfab0de4d4832a666c71ba0bb9159f92c6689bbd
scripts/run_full_reproduction.py	5713	48a45f8976cfa77ed2476231445eb20eccc41f8fd8016bbb475df38264a5da62
scripts/serengeti_unscoreable.py	4035	1b3366ca278fabd073a5683c59dcfe0110a7d701b2c6d4fe0bcf1cc543c73f31
scripts/verify_full_reproduction.py	10213	a7581da5dc08741e50a15d57df2170a84c4c9ee430cde390e7e9b9e94c3994b7
