dataset,bootstrap,hill_h,hill_delta_aic,hill_h5_h,hill_h5_delta_aic
CIFAR-10H,0,3.571306359503509,-33.06734383946264,3.5713053789243534,-33.06734383743958
CIFAR-10H,1,4.396665353444996,-61.90949233181084,4.396701626010481,-61.90949238423741
CIFAR-10H,2,3.4342038551632634,-37.92691666595397,3.4341139018936877,-37.92691651289442
CIFAR-10H,3,4.594864307616283,-49.21049090454312,4.594921093887767,-49.21049097849777
CIFAR-10H,4,4.596173245054335,-48.21618477719949,4.596099976889841,-48.21618466915072
CIFAR-10H,5,5.301845388667244,-38.03257897253309,4.999997567280177,-37.97773300232677
CIFAR-10H,6,2.8829645759909788,-24.09329472340528,2.8829693673013,-24.09329470803891
CIFAR-10H,7,3.1828776253388487,-29.119051089937443,3.182876000696134,-29.11905109036445
CIFAR-10H,8,2.475029462074224,-20.383375474167565,2.475029018081645,-20.383375472820262
CIFAR-10H,9,3.20633305697006,-31.381755226177688,3.206370409284076,-31.381755289703847
CIFAR-10H,10,3.096331283720579,-44.571826279059906,3.09630934025304,-44.5718262245839
CIFAR-10H,11,3.20908333510536,-36.50219638596798,3.209120828950521,-36.50219644698154
CIFAR-10H,12,3.688191438632134,-26.47379199144052,3.688118230719453,-26.47379188084335
CIFAR-10H,13,4.049625340158924,-56.38690248439491,4.049624749168462,-56.386902484443226
CIFAR-10H,14,4.835637426666323,-74.77269529660566,4.835659168680704,-74.7726953234054
CIFAR-10H,15,3.605354006299099,-47.12558816867727,3.605387848791476,-47.12558822469225
CIFAR-10H,16,3.12621428106516,-38.991500710120704,3.1261562056625793,-38.99150061312389
CIFAR-10H,17,3.7944131471349323,-52.04148777671526,3.794416309034897,-52.04148778273043
CIFAR-10H,18,2.5650941906367444,-19.23847989688477,2.565118631119186,-19.238479945016138
CIFAR-10H,19,3.783463001551238,-37.24249464334889,3.783394644122831,-37.2424945216261
CIFAR-10H,20,4.015583960662546,-35.990363543177864,4.015649412337409,-35.99036364858455
CIFAR-10H,21,3.908441971067441,-40.19641889903755,3.9084202686737473,-40.196418862655605
CIFAR-10H,22,4.162455740919269,-65.41541602718712,4.162443744570607,-65.4154160156919
CIFAR-10H,23,3.991545347235264,-51.23846963562141,3.9914536510514944,-51.23846950733537
CIFAR-10H,24,4.590509993997283,-57.538326828359686,4.590568660928639,-57.53832688263981
CIFAR-10H,25,4.17294004382253,-38.22394822523552,4.172987747143613,-38.2239482908268
CIFAR-10H,26,3.0552095211813928,-21.470400733573,3.0553024599552203,-21.470400932630014
CIFAR-10H,27,3.68505800686695,-24.07463581579816,3.6849470061582754,-24.074635624838265
CIFAR-10H,28,3.5974933883216065,-41.37895461840458,3.5974981172108356,-41.37895462851111
CIFAR-10H,29,3.579640598760009,-61.597319108534066,3.579689654710293,-61.597319162925146
CIFAR-10H,30,6.073724643468173,-50.32456166712791,4.999999996941796,-49.359661293938984
CIFAR-10H,31,5.085057695889679,-62.18406324324906,4.9999995873734076,-62.17065567866814
CIFAR-10H,32,3.5525100294659664,-50.53839487932214,3.5524685987965237,-50.53839481852117
CIFAR-10H,33,3.337423247371879,-44.15196579406768,3.337442540769013,-44.151965831030225
CIFAR-10H,34,3.4273954712982926,-44.55980605526531,3.4274008950061234,-44.55980606405603
CIFAR-10H,35,3.1247775214107296,-41.352765876758326,3.124780140228954,-41.35276590727449
CIFAR-10H,36,2.982943129780379,-39.47727553144148,2.9829363943180347,-39.4772755320696
CIFAR-10H,37,3.3631142599648896,-35.380888855474495,3.3631868773010294,-35.38088897199066
CIFAR-10H,38,4.144298624389373,-75.98210395979027,4.14435022379208,-75.98210402118798
CIFAR-10H,39,3.017484167625921,-25.537927554977955,3.0175726331123127,-25.53792770326413
CIFAR-10H,40,3.5869973357999547,-34.09354626919924,3.5869576014270477,-34.093546208481825
CIFAR-10H,41,3.8481294525800873,-39.67646721205574,3.848039520171215,-39.67646705422658
CIFAR-10H,42,4.2900026131379425,-54.269093475379236,4.28997036594744,-54.26909342747251
CIFAR-10H,43,3.3647159660692982,-45.304865305937255,3.3646650873154087,-45.304865232542966
CIFAR-10H,44,3.7989471285204797,-49.00092311710068,3.7990091220913693,-49.000923188871184
CIFAR-10H,45,4.903054546150612,-46.11393706291244,4.902899724465268,-46.113936843340866
CIFAR-10H,46,3.714644512897662,-40.34153120541896,3.7146655660906016,-40.34153122605301
CIFAR-10H,47,3.628814653242573,-41.200446445258194,3.62874326544031,-41.20044635899228
CIFAR-10H,48,3.030047178499878,-36.202947578541625,3.0300592476634276,-36.20294759438116
CIFAR-10H,49,2.5371080242610726,-27.42386969569384,2.5370709517247736,-27.42386962703472
CIFAR-10H,50,3.9132559903203137,-59.643797759087875,3.913263366422274,-59.64379777070326
CIFAR-10H,51,2.399800424738784,-21.47271214692023,2.3998139674063177,-21.472712178143524
CIFAR-10H,52,3.4250824994612996,-40.396775794855216,3.42505004268477,-40.396775784689
CIFAR-10H,53,2.691379080043505,-33.53397152781656,2.691363731652379,-33.53397152179616
CIFAR-10H,54,4.340537468532022,-36.5821442759069,4.340489865700941,-36.58214420780416
CIFAR-10H,55,2.9626749325239525,-32.7199940602826,2.962725130785572,-32.71999414309164
CIFAR-10H,56,2.4877823554055216,-28.439360297211692,2.4877894984189814,-28.439360324635572
CIFAR-10H,57,3.78072695153623,-32.83882814941876,3.780731905696094,-32.838828157250646
CIFAR-10H,58,3.2190147780317093,-42.96946847739139,3.219027197805621,-42.96946849524079
CIFAR-10H,59,2.8899046240520665,-37.26637024635079,2.8898767693421563,-37.26637022583725
CIFAR-10H,60,3.057588117829793,-33.47939280866274,3.0575934189400975,-33.4793928078534
CIFAR-10H,61,2.9078025493431703,-30.487022458057595,2.9077985941483737,-30.48702245373454
CIFAR-10H,62,2.3785494180232982,-31.739760072267813,2.3786397775754593,-31.739760086232764
CIFAR-10H,63,3.7519152574781867,-50.039850826520706,3.7519289525792234,-50.039850871351405
CIFAR-10H,64,7.470921944597386,-35.595932478350505,4.999999986351285,-33.74885934570443
CIFAR-10H,65,3.7843323193844713,-42.30692679832907,3.7843560797470968,-42.30692684339397
CIFAR-10H,66,2.0291370062140235,-15.698991040546957,2.029076527726355,-15.698991092610186
CIFAR-10H,67,3.1913802384812104,-32.56867604955539,3.1913556012129742,-32.56867601406077
CIFAR-10H,68,2.953485967634066,-30.467722206816347,2.9534790338898946,-30.46772219375032
CIFAR-10H,69,3.0432425096371323,-42.265514542618234,3.0432240874624275,-42.26551451215062
CIFAR-10H,70,3.2479286224924926,-40.99712215468196,3.2479530301060544,-40.99712220266338
CIFAR-10H,71,4.422141307717608,-42.688412467471494,4.422074610649497,-42.688412388431175
CIFAR-10H,72,4.009800320706408,-42.68913698432618,4.009800787717596,-42.689136985141886
CIFAR-10H,73,2.9006629270688866,-27.566706332553053,2.9007172309187523,-27.566706425646544
CIFAR-10H,74,3.562527616182269,-36.962879657700796,3.562533382353688,-36.96287966687612
CIFAR-10H,75,2.43362453340447,-18.953865478432135,2.4336429593050473,-18.953865519010947
CIFAR-10H,76,4.586725597362062,-49.79848709149917,4.5866818148643285,-49.79848703212281
CIFAR-10H,77,3.8690323724263465,-26.91408623701625,3.8691076994638656,-26.914086361553245
CIFAR-10H,78,4.27366935935015,-65.38055929000916,4.273685733902344,-65.38055932263353
CIFAR-10H,79,3.1334920484906092,-40.374886720836,3.133484396117241,-40.3748867097313
CIFAR-10H,80,4.657929236747719,-64.60943079376511,4.65795542970123,-64.60943083802829
CIFAR-10H,81,3.5087296347714814,-50.05265094668255,3.5087113908628345,-50.05265094484935
CIFAR-10H,82,3.981860295494754,-30.03188445298815,3.981897233284588,-30.03188452095128
CIFAR-10H,83,3.480812666115528,-43.37601505952978,3.4810265917128844,-43.376015036067656
CIFAR-10H,84,2.825775819702406,-16.274804142323887,2.825795626372312,-16.27480418058724
CIFAR-10H,85,3.647997248088764,-31.709426753582875,3.648079164740074,-31.709426893485443
CIFAR-10H,86,6.6588541103249,-37.23510727920359,4.999999999999999,-36.15090409720858
CIFAR-10H,87,5.575676880406149,-62.90868739193263,4.9999999999999964,-62.44632875979141
CIFAR-10H,88,3.2329195202973584,-43.08655385568852,3.232917190107398,-43.086553856036744
CIFAR-10H,89,6.619923538568594,-61.742983620801624,4.999999999999999,-60.03985241925068
CIFAR-10H,90,8.065819118948122,-41.10678620888541,4.999999999999991,-39.71709110948359
CIFAR-10H,91,2.067750767053379,-16.395160334233765,2.067760249064737,-16.395160349629805
CIFAR-10H,92,3.1663374051589614,-41.71656975874623,3.166301028005104,-41.71656969957985
CIFAR-10H,93,3.882419003104234,-51.616758573250536,3.8822842170278458,-51.61675872788294
CIFAR-10H,94,3.103576961482048,-24.17857576633071,3.103516070451925,-24.17857566450334
CIFAR-10H,95,3.796488921390533,-51.72086557450223,3.796483690307378,-51.72086556734553
CIFAR-10H,96,2.6635156852831496,-31.8758432838614,2.663502913171439,-31.87584328936066
CIFAR-10H,97,5.797386390601249,-50.330070740227484,4.999999999999999,-49.78987786205096
CIFAR-10H,98,3.1000198128639687,-30.922278305186296,3.0999454593104687,-30.922278175021802
CIFAR-10H,99,2.8930460211526055,-31.412009879699895,2.8930534408116735,-31.412009884691543
CIFAR-10H,100,2.950081652182174,-34.68558340390291,2.950134761243146,-34.68558349671025
CIFAR-10H,101,2.617840719619053,-22.764019864484,2.617889590084331,-22.764019929157143
CIFAR-10H,102,4.449169124220235,-44.33245791334434,4.449152959874154,-44.332457886143516
CIFAR-10H,103,3.2349915130390343,-46.424627595719585,3.235015841827984,-46.424627627611244
CIFAR-10H,104,4.119743995508289,-64.28098292494963,4.119735213435819,-64.28098291510116
CIFAR-10H,105,3.4292777210283054,-24.959601807274908,3.42917332896112,-24.959601650038053
CIFAR-10H,106,4.169618096011036,-43.90937369128403,4.169615187292756,-43.90937368685434
CIFAR-10H,107,6.6361907385666905,-73.82101345570084,4.999999999998713,-70.66582518784969
CIFAR-10H,108,3.332483603977796,-35.96029909708648,3.332480213359445,-35.96029909467154
CIFAR-10H,109,2.4365671630950643,-24.201084473632932,2.4365632104966854,-24.20108446891993
CIFAR-10H,110,4.256096920198548,-45.65841430995056,4.256092734710179,-45.658414303717336
CIFAR-10H,111,4.232156010413124,-52.70530144445638,4.2322242870774085,-52.70530155451627
CIFAR-10H,112,4.0095679057400115,-76.75335777097757,4.009566248658406,-76.75335776761506
CIFAR-10H,113,3.319186287692259,-47.11269586102583,3.3191723349488123,-47.112695840973515
CIFAR-10H,114,4.3130547506275265,-52.37121581999213,4.313045263164547,-52.371215813049275
CIFAR-10H,115,3.7317680328314684,-41.42242179829782,3.731762777895659,-41.42242178924266
CIFAR-10H,116,3.256312248714369,-35.14949519454467,3.256301248883809,-35.14949517449054
CIFAR-10H,117,3.688787376977582,-34.74308988745929,3.6888500970367963,-34.74308999488176
CIFAR-10H,118,3.0928442622863725,-50.44735373180913,3.0927890009414765,-50.44735366022064
CIFAR-10H,119,3.0444688066271093,-40.41754901549609,3.044389839621302,-40.41754895037138
CIFAR-10H,120,2.409848277268423,-19.484836053319214,2.409847935984201,-19.484836059607687
CIFAR-10H,121,4.122889428438079,-49.03742527096085,4.122913273458425,-49.03742530346631
CIFAR-10H,122,3.4384852965557973,-36.943108204006194,3.4384568142082594,-36.94310816033578
CIFAR-10H,123,6.989598224242724,-44.70077456995466,4.999999999999662,-42.90765846964689
CIFAR-10H,124,4.269392133539763,-53.426061153949945,4.269467168677753,-53.42606124103668
CIFAR-10H,125,2.2517249209465966,-12.632335954332802,2.251734208372803,-12.632335972058513
CIFAR-10H,126,3.875671054412878,-50.489157491759784,3.8756018055698203,-50.4891573846985
CIFAR-10H,127,3.9851964311712753,-47.1362553867998,3.9852277641706055,-47.1362554333341
CIFAR-10H,128,3.6441454089670815,-48.49043648585973,3.644082896026611,-48.49043639145464
CIFAR-10H,129,4.105200814387808,-69.10880750020954,4.105162762975317,-69.10880744424242
CIFAR-10H,130,2.2265259830754593,-17.45403858025145,2.226534465550046,-17.454038587547416
CIFAR-10H,131,5.17147173264696,-35.164950578735215,4.999999999999999,-35.15171945338409
CIFAR-10H,132,4.5140710754421995,-48.4150949370121,4.5140793953825185,-48.415094948785736
CIFAR-10H,133,3.5616183396579477,-46.52061618725668,3.5615871071560523,-46.52061613374508
CIFAR-10H,134,3.625017573302303,-39.91659500678861,3.6250061669971627,-39.916594992074465
CIFAR-10H,135,4.003691889845223,-50.20466803216118,4.003710472892052,-50.20466806151171
CIFAR-10H,136,3.866048648935864,-35.46577603218623,3.8661366248112854,-35.465776184154606
CIFAR-10H,137,3.2982377545266988,-38.51940586303226,3.29823598491257,-38.51940585051
CIFAR-10H,138,3.7459102142049976,-48.73105789242038,3.745878917324044,-48.73105784588347
CIFAR-10H,139,4.0828590178726785,-57.728089625990265,4.082789195481621,-57.72808952827245
CIFAR-10H,140,3.027941396075546,-30.182355127452524,3.0279221702873476,-30.18235511470982
CIFAR-10H,141,2.9957662163787555,-24.491401559232145,2.995752243984878,-24.49140155182863
CIFAR-10H,142,4.760994475508107,-47.96562699465801,4.761070363606226,-47.965627108873946
CIFAR-10H,143,4.21721168550688,-38.408956365150516,4.217284571824665,-38.40895649175184
CIFAR-10H,144,2.9751156213067342,-30.96790425364088,2.975129042541052,-30.96790427966141
CIFAR-10H,145,3.550509820924934,-39.87675944094292,3.550473008685551,-39.87675939245048
CIFAR-10H,146,3.413397075734067,-37.59013173034077,3.4133846200097224,-37.59013171274353
CIFAR-10H,147,3.2998646615176876,-43.207104644307265,3.2998862297296356,-43.20710468445907
CIFAR-10H,148,3.2253532536271807,-33.43265585053291,3.2253302380543176,-33.43265581673313
CIFAR-10H,149,3.6465123321267425,-36.22428502320804,3.6465795088009525,-36.22428509124677
CIFAR-10H,150,3.9778524927457073,-47.345517915460505,3.977820934700468,-47.34551787832481
CIFAR-10H,151,4.794045540838838,-24.409212595640156,4.793855378315039,-24.409212329192542
CIFAR-10H,152,4.850828396674638,-49.03881410079782,4.850929451048667,-49.03881423434018
CIFAR-10H,153,3.2184712398503144,-45.781404755437165,3.2184801665062506,-45.78140476925046
CIFAR-10H,154,3.3381964517141665,-49.0141100503256,3.3382250527424207,-49.01411009475305
CIFAR-10H,155,4.467479035891511,-44.914142163339534,4.467524881128547,-44.91414223718277
CIFAR-10H,156,3.09779470583263,-48.156624808047354,3.0977722472913385,-48.15662477414219
CIFAR-10H,157,2.9755446071155753,-37.39387191090623,2.9755177929853045,-37.39387186584622
CIFAR-10H,158,2.5678703408796726,-21.335425168986376,2.5678581627264365,-21.335425145833824
CIFAR-10H,159,5.682640241306864,-41.05609168644992,4.999999999999994,-40.77039583533042
CIFAR-10H,160,3.1619513494759937,-35.45945695565308,3.1619615099881244,-35.459456972270914
CIFAR-10H,161,5.2776594882559955,-49.6451209329648,4.999998163069793,-49.568973059928794
CIFAR-10H,162,5.837834324717099,-53.518259182711176,4.999999999670999,-53.021933678963364
CIFAR-10H,163,3.351266812003271,-63.578329972211804,3.351265117274232,-63.57832998674485
CIFAR-10H,164,4.082083867183434,-50.19978961080028,4.082113474210301,-50.199789662570765
CIFAR-10H,165,4.38586274612304,-52.96435213604377,4.3858364817193864,-52.96435209449703
CIFAR-10H,166,5.9157095999992775,-78.72361360991522,4.999999999999908,-77.1503822745342
CIFAR-10H,167,3.2681282770980564,-36.16300786266697,3.2681102008301672,-36.16300782277642
CIFAR-10H,168,4.639964490691578,-55.0478243179233,4.6399939128511125,-55.04782435245113
CIFAR-10H,169,7.211543345498934,-60.893614123595626,4.999999999999999,-56.702098246701325
CIFAR-10H,170,3.392009650146514,-26.301602412643547,3.391951691857583,-26.30160231700995
CIFAR-10H,171,3.868091397965735,-31.55598126857285,3.8681192767891788,-31.55598131400518
CIFAR-10H,172,4.055790944887967,-40.09015189041304,4.055846983270804,-40.09015197043993
CIFAR-10H,173,3.6498197873603866,-63.342195445617676,3.649787599102855,-63.342195442974685
CIFAR-10H,174,3.934122589334076,-38.88707188709577,3.9342318134775165,-38.88707206520769
CIFAR-10H,175,2.4156654639925352,-21.223067192001395,2.4156309087877283,-21.223067120205314
CIFAR-10H,176,3.7634074736964083,-36.83753459318075,3.763472335270599,-36.83753470501358
CIFAR-10H,177,4.2361144977505605,-53.61808985527273,4.236048565574105,-53.618089768530126
CIFAR-10H,178,2.8618541450528716,-26.85387632444906,2.8619428258707726,-26.85387640700219
CIFAR-10H,179,2.809569401156632,-38.633741567058564,2.8095908583841056,-38.6337415768121
CIFAR-10H,180,2.961426787454684,-36.88464162025082,2.9614331737156436,-36.88464163113974
CIFAR-10H,181,4.202335440709056,-44.82422232054,4.202326690192093,-44.82422230581176
CIFAR-10H,182,3.299729392813667,-26.387532483384803,3.2997694546909746,-26.38753254646349
CIFAR-10H,183,3.337543790069732,-20.35852448079868,3.3374439541765226,-20.358524295950588
CIFAR-10H,184,3.4374991806111073,-42.081901737797125,3.4375426840389407,-42.08190180284578
CIFAR-10H,185,3.7341542495721014,-43.29567964674527,3.7341700635561947,-43.29567966734089
CIFAR-10H,186,3.7631850496971735,-43.78534456776265,3.763197700746137,-43.78534459089997
CIFAR-10H,187,4.059607254607106,-41.38051733825694,4.059653071919386,-41.38051739702655
CIFAR-10H,188,8.76642201438094,-52.754854421650634,4.999999999998164,-46.18267546848995
CIFAR-10H,189,2.8525301374852146,-28.766561853805456,2.852558185850067,-28.76656190279175
CIFAR-10H,190,7.139519410040497,-70.57945871944719,4.999999999999999,-66.93096408718782
CIFAR-10H,191,4.312335387907561,-49.77708438898674,4.312383150786059,-49.77708446136421
CIFAR-10H,192,7.201273516178432,-62.63841812764326,4.999999999999992,-59.718663356218144
CIFAR-10H,193,2.2658418816077717,-13.8353353265436,2.265821167350886,-13.83533528410976
CIFAR-10H,194,4.800570660505519,-72.56052702831278,4.800504539375013,-72.5605269311759
CIFAR-10H,195,3.074180569439352,-30.853653459054613,3.0742139388600602,-30.853653521394335
CIFAR-10H,196,4.51289716760389,-49.65279538034076,4.51293258338445,-49.65279543120687
CIFAR-10H,197,3.529864836871337,-40.118080082177926,3.529820556338794,-40.118080029095154
CIFAR-10H,198,3.4823019495749734,-51.030697397133736,3.482337097906313,-51.030697444996804
CIFAR-10H,199,4.390466594323252,-39.9310081688169,4.390501549571962,-39.93100821994892
ChaosNLI,0,1.079177078476529,-34.40455389899887,1.0791769454728706,-34.40455389893998
ChaosNLI,1,0.9679098499508282,-16.55217107164742,0.967968469668521,-16.54106362527955
ChaosNLI,2,1.0324648069755131,-0.8864650462927557,1.03246501934166,-0.8864650460966459
ChaosNLI,3,0.9802715132818386,-2.152646473609934,0.9803357065397252,-2.1475810585100135
ChaosNLI,4,1.048869192436548,-37.31892079327611,1.048869218880864,-37.31892079324291
ChaosNLI,5,1.0647481185817365,-18.922866504351987,1.0647481233504608,-18.92286650433209
ChaosNLI,6,0.9944876612988555,-2.118572737898603,0.9947462693711984,-1.875920353800666
ChaosNLI,7,0.9427997935297293,-45.516975442159946,0.942536282182394,-45.60042987478744
ChaosNLI,8,1.021001115751585,-12.536464965567802,1.0210011145276354,-12.536464973486545
ChaosNLI,9,1.094566254152942,-36.48882790968025,1.0945662263700684,-36.48882790967889
ChaosNLI,10,1.02881252414306,-12.134710025433947,1.0288125329360949,-12.134710025427921
ChaosNLI,11,1.0041459309254774,1.7054475955139878,1.0041458843487823,1.7054475954922736
ChaosNLI,12,0.9859820365684608,-1.135814290172675,0.9860570276219397,-1.135715180790271
ChaosNLI,13,1.032458689844618,-20.78868031511513,1.0324962047356856,-20.78863801295097
ChaosNLI,14,0.9631280518659991,-33.29116078056984,0.9632073606113919,-33.21848781355925
ChaosNLI,15,1.042501154755581,-30.732029546897934,1.0425010066245406,-30.732029547491834
ChaosNLI,16,0.970339256935973,-4.172164911409709,0.9705640232513353,-4.154068328939957
ChaosNLI,17,1.0620933809673427,-28.431243804572205,1.0620932659537061,-28.431243804758196
ChaosNLI,18,1.0699255942850021,-54.09659057685246,1.069925583338071,-54.09659057684485
ChaosNLI,19,0.9301975824787102,-26.089626763754723,0.930116616482058,-26.096600851769836
ChaosNLI,20,1.032844368549434,-12.891160875311243,1.032844395323823,-12.891160875283731
ChaosNLI,21,0.988890277668285,-4.728472805377237,0.9891304950691399,-4.724868288750258
ChaosNLI,22,0.9681850372299856,-25.21331128744316,0.9681005826970406,-25.21441098344974
ChaosNLI,23,1.0864557786513795,-29.31681097770047,1.0864557490614444,-29.316810977698537
ChaosNLI,24,0.9617161393540534,-14.624218181975493,0.9617176263066205,-14.624218154825485
ChaosNLI,25,1.1157274108862474,-38.33668395048403,1.1157275933966992,-38.33668395031543
ChaosNLI,26,0.994133894246469,1.4231086631303924,0.9941339136108883,1.4231086631725702
ChaosNLI,27,0.9810715510927885,-24.917306926661013,0.9810715512930495,-24.917306926653396
ChaosNLI,28,1.028519786041102,-10.913783078582355,1.0285197549028655,-10.913783078576216
ChaosNLI,29,1.0652878304917648,-32.90875330949882,1.0652876341308843,-32.90875330952963
ChaosNLI,30,1.0470926417282955,-13.068510061543975,1.0470639075277088,-13.06851728760148
ChaosNLI,31,1.0060770700087487,1.2081948548466244,1.0057663021617187,1.205390499994337
ChaosNLI,32,0.9854264618997173,0.23336961094616981,0.9857236554456831,0.23417431860491433
ChaosNLI,33,1.0759302877937793,-26.491070177297615,1.0759301893074198,-26.49107017738413
ChaosNLI,34,1.0835682914723235,-64.57080234030752,1.0835683228930661,-64.57080234031571
ChaosNLI,35,1.033506342397002,-7.160849731445751,1.0335063982205313,-7.160849731433814
ChaosNLI,36,0.9439588346138954,-41.38016241296759,0.9439178136399281,-41.38087064578224
ChaosNLI,37,1.0194020579356293,-3.3587925368181004,1.0194020622426159,-3.3587925368252627
ChaosNLI,38,1.0362898660287467,-6.224182842887103,1.0362898617164105,-6.224182842885284
ChaosNLI,39,0.95994584879269,-22.740596031498285,0.9601089050141032,-22.645592048282992
ChaosNLI,40,0.9951366213684835,0.11527096372424239,0.995191339232365,0.1371098120021088
ChaosNLI,41,0.9763309936970604,-10.747774498691683,0.9763309846565688,-10.747793156865214
ChaosNLI,42,0.9866298698224303,-1.5086992056916415,0.9872086498488268,-1.3921729744708955
ChaosNLI,43,0.9823540374566914,-0.22181213428393676,0.9823344901727602,-0.22181511867847803
ChaosNLI,44,0.9636169141563944,-17.45878141775313,0.9637819601721614,-17.421851301930133
ChaosNLI,45,0.9973216712247809,1.9603774413138808,0.9971904057577607,1.9602841933589161
ChaosNLI,46,1.0191025577569772,-3.988799613039987,1.0191027002379665,-3.9887996124132314
ChaosNLI,47,0.9667744832911584,-5.9383426734769955,0.9661917558564179,-5.95754344866134
ChaosNLI,48,0.971982099926922,-1.4014942816054372,0.9723070068178539,-1.400991503444402
ChaosNLI,49,1.012743972690995,1.3237780253457458,1.01274435486317,1.3237780256712313
ChaosNLI,50,1.1321757956317784,-63.156322848272225,1.132175727438369,-63.15632284831349
ChaosNLI,51,0.985487671386598,-4.007899520022875,0.9853491999439997,-4.012549820656091
ChaosNLI,52,0.9796651662305526,-11.94527494973238,0.9796651667894943,-11.945274947340067
ChaosNLI,53,0.9954090420198397,1.4389827756720024,0.995168523157973,1.4374803767012736
ChaosNLI,54,0.9645247160605208,-12.060269937315638,0.9645247479134975,-12.060249311018765
ChaosNLI,55,1.1047170903468955,-97.08595486656168,1.1047171007478083,-97.08595486653826
ChaosNLI,56,1.0233551575152118,-29.30536262104522,1.0233551339616127,-29.305362621065342
ChaosNLI,57,1.0578326674538945,-16.091879892777115,1.057832651651703,-16.091879892783254
ChaosNLI,58,1.0887219455940855,-41.99776496415416,1.088721893914559,-41.99776496411744
ChaosNLI,59,1.0438084039988953,-15.067614771300327,1.0438083795443636,-15.067614771318858
ChaosNLI,60,1.0836288036314734,-25.336834295756148,1.0836288774474365,-25.336834295677136
ChaosNLI,61,0.9317438172405514,-50.76041172232374,0.9317567263478739,-50.75105528747406
ChaosNLI,62,1.0926214141654575,-37.36030387666108,1.0926214234746172,-37.360303876653916
ChaosNLI,63,0.9876496857633528,-0.7685352947487445,0.987607024240067,-0.7764573473855307
ChaosNLI,64,0.9693509481074811,-10.670530419978263,0.9688660935073453,-10.789835037159719
ChaosNLI,65,0.9664869882837855,-59.5105395580523,0.9664869895790751,-59.51053955805298
ChaosNLI,66,1.0087562379614456,1.5443822284029238,1.0086789276609698,1.5443428807523105
ChaosNLI,67,1.0096751807626938,-1.28150173703159,1.0096751817089447,-1.2815017479665585
ChaosNLI,68,1.0913532125187695,-52.99481414866773,1.0913531960169804,-52.9948141486675
ChaosNLI,69,1.009260570324242,-6.237799595602155,1.0092605449097485,-6.2378236220098415
ChaosNLI,70,0.9815995339654238,-0.9593041311723027,0.9815994324655879,-0.9593041311981096
ChaosNLI,71,0.9775099718274058,-7.723773872468655,0.9774891148547292,-7.723815028057061
ChaosNLI,72,1.1023165814883016,-58.32256705495979,1.1023167212901368,-58.32256705486668
ChaosNLI,73,1.0268995315990859,-9.904326541541877,1.0268995465904258,-9.904326541538467
ChaosNLI,74,0.983251772957405,-7.800842976820036,0.983251775972034,-7.800842976814806
ChaosNLI,75,0.970998103598581,-8.478466478086716,0.9709981274534359,-8.47846647806034
ChaosNLI,76,1.0587104172939168,-9.317701731925013,1.0587102772528696,-9.31770173204302
ChaosNLI,77,1.016362909437132,-2.1295054149152293,1.0163630000226522,-2.129505414759933
ChaosNLI,78,0.9575311286246059,-17.14509650067839,0.957510282267526,-17.145102414034227
ChaosNLI,79,1.0313311998391066,-10.28681301692393,1.0313311667786365,-10.286813016943142
ChaosNLI,80,1.0120326098264933,1.1956700493607286,1.0120916411626848,1.1956911954898715
ChaosNLI,81,0.9783941999580099,-3.3875746476275026,0.9783763472386462,-3.387578790447037
ChaosNLI,82,1.031785849194733,-1.9931783756060213,1.0317861244833881,-1.9931783752972478
ChaosNLI,83,1.0452294882227935,-22.812015328461598,1.0452148742162515,-22.812019060780585
ChaosNLI,84,1.0776390354820546,-22.0028530762728,1.0776389466499827,-22.002853076269616
ChaosNLI,85,1.025495796282288,-3.44049633466841,1.0254958369556437,-3.4404963346125896
ChaosNLI,86,0.9956558580710805,1.708122067635486,0.9956558507128873,1.70812206762389
ChaosNLI,87,1.016921526258646,0.1669482530435289,1.0169216080675267,0.16694825307070005
ChaosNLI,88,0.9686555892553018,-11.373063429090507,0.9686545675212387,-11.37355308571125
ChaosNLI,89,1.0054957176910642,1.5558692773155371,1.0055081105260215,1.5558828183153537
ChaosNLI,90,0.9551064942935837,-51.32140659248796,0.955095265783734,-51.33299986718271
ChaosNLI,91,1.0548234461091381,-38.258923446680114,1.0548234843087079,-38.2589234466401
ChaosNLI,92,1.0631174283807538,-35.793979712904274,1.063117410759514,-35.793979712915416
ChaosNLI,93,0.9593410404173427,-13.814236975441304,0.9593417329169223,-13.814236964177326
ChaosNLI,94,1.0594299345896547,-17.047245135039702,1.05942982527113,-17.04724513516055
ChaosNLI,95,1.0413226384606737,-36.247410193133646,1.0413226350227012,-36.24741019313228
ChaosNLI,96,1.1349825525243569,-115.64648713505744,1.1349825296264815,-115.64648713507256
ChaosNLI,97,1.0231625609878963,-3.8869897145416417,1.0231626093853377,-3.886989714512538
ChaosNLI,98,0.9757482240929047,-18.3119912635874,0.9757629505725999,-18.311980769205434
ChaosNLI,99,0.9966058689797604,1.9217365248664464,0.9963095942083934,1.921190851354936
ChaosNLI,100,0.9953549933035648,1.1623958501680818,0.9953550070059329,1.1623958501561447
ChaosNLI,101,1.0228740047354976,-6.975648801974444,1.022873959117068,-6.975648801979787
ChaosNLI,102,1.0566605899611377,-31.599228014469986,1.0566605939003475,-31.59922801446544
ChaosNLI,103,0.9472513621597384,-32.81597605485342,0.9473091788080539,-32.77608030024203
ChaosNLI,104,0.9984027676088324,1.7241321407634587,0.9983242614979175,1.6893939749954825
ChaosNLI,105,0.9879547045326666,1.128202520032346,0.9879547804344313,1.1282025235361743
ChaosNLI,106,1.0303465645327603,-17.714344092536294,1.0304040483284367,-17.714123009446666
ChaosNLI,107,0.9926229493291444,1.737561091440739,0.9926172595465382,1.7375609304631325
ChaosNLI,108,1.014980345552072,-1.1950800703216373,1.0149810715048588,-1.1950800619803204
ChaosNLI,109,0.9850645757156109,-3.4958805142514393,0.9850645961456239,-3.495873038024456
ChaosNLI,110,0.9609151845018271,-25.313203620960735,0.9611503139675143,-25.31181427168815
ChaosNLI,111,1.0063470497730393,1.1636204933538465,1.0063468824001294,1.1636204927128802
ChaosNLI,112,0.9930989976574649,1.5195528069351667,0.9930989937004372,1.5195528069366446
ChaosNLI,113,1.001267928085399,1.9263179516117361,1.0012679321828426,1.92631795161617
ChaosNLI,114,0.9673629945809338,-8.131242638884487,0.9674478657057874,-8.130585819220983
ChaosNLI,115,1.0668444617332469,-27.06218179275311,1.066844451793745,-27.062181792763
ChaosNLI,116,0.9660928440260945,-16.034567509953035,0.966092826077949,-16.034567395162412
ChaosNLI,117,1.0094236460195092,-0.420292990169969,1.0094241273747846,-0.42029298210673005
ChaosNLI,118,1.0445723242659688,-43.84582636102243,1.0445723225513053,-43.84582636101652
ChaosNLI,119,1.0503544725712284,-33.251620755286126,1.050407204669529,-33.25155884322771
ChaosNLI,120,0.9934970209411598,1.6602673419895382,0.9934970804129123,1.660267341992153
ChaosNLI,121,0.9783875539572583,-12.485697339561625,0.9783868345162192,-12.486294670582652
ChaosNLI,122,0.9996556559489479,1.9986595983975803,0.9996556880856537,1.9986595984321411
ChaosNLI,123,1.0545776544528005,-18.65482890391627,1.0545777073541505,-18.654828903929
ChaosNLI,124,0.9723553124589039,-14.496444519617512,0.9725987906412455,-14.454257641475238
ChaosNLI,125,0.9466128999315029,-10.738012042740934,0.9465822953284763,-10.738088027442359
ChaosNLI,126,1.0512283210909354,-17.292243035408887,1.0512543360046889,-17.292236351738893
ChaosNLI,127,0.9784967974988548,-21.3598904396805,0.9785398140934696,-21.3071924202045
ChaosNLI,128,1.0332080680680467,-3.369027384992819,1.0332079843138187,-3.3690273850220365
ChaosNLI,129,0.9574597269327739,-18.425172913672668,0.9568902694892187,-18.460668408867946
ChaosNLI,130,0.9720549594506336,-2.578636253354034,0.972264898913598,-2.5779454700621045
ChaosNLI,131,1.0498632289837113,-16.100843529595636,1.0498633254815595,-16.100843529588133
ChaosNLI,132,1.0099514366411475,1.605789139681292,1.0099514111819543,1.605789139688568
ChaosNLI,133,1.012095217625716,-3.1404465190540805,1.0120952177794833,-3.1404465190537394
ChaosNLI,134,1.042490719267306,-13.865241377568736,1.042490740879425,-13.865241377561347
ChaosNLI,135,1.027183876366742,-5.558669401347288,1.0271809294844194,-5.558669510097047
ChaosNLI,136,1.06656322853702,-33.98151741392428,1.0665631692764674,-33.981517413945085
ChaosNLI,137,1.0566651623870866,-18.201533001983762,1.0566651310947432,-18.201533001991038
ChaosNLI,138,1.187142452735809,-69.8665069590802,1.187142263185107,-69.86650695940966
ChaosNLI,139,1.007296520559231,-4.387824353293695,1.007296518186997,-4.387824372097953
ChaosNLI,140,1.0168831735633492,-1.1279384482594423,1.0168831415745299,-1.1279384482579644
ChaosNLI,141,0.9894153536612227,-3.0023766214017087,0.9894157806743936,-3.0020388927637214
ChaosNLI,142,0.9645634328583972,-22.097007848882185,0.9645634123572662,-22.09700784888537
ChaosNLI,143,1.0292126006757079,-11.13898686280379,1.0292126162121071,-11.138986862804472
ChaosNLI,144,0.981173775164452,-5.044983830203137,0.9811737705282068,-5.044983830196543
ChaosNLI,145,1.0096222382752043,-8.703402660881352,1.0095539124961366,-8.707760825531977
ChaosNLI,146,0.9857230663749316,-1.1973539232210442,0.9857053877846438,-1.1973594109157375
ChaosNLI,147,1.0075503681502458,-3.018098970169035,1.0075547240264158,-3.015614599192986
ChaosNLI,148,0.9659000074534356,-27.322626212586442,0.9654996707653273,-27.55020381607926
ChaosNLI,149,1.0102439509470078,1.0455055320926476,1.0102432612580858,1.0455055274692313
ChaosNLI,150,1.017783898691415,-0.2803133908299742,1.0178182274786582,-0.28030385934835067
ChaosNLI,151,0.9973454452452919,1.0980141724400028,0.9974035231657838,1.127858004022869
ChaosNLI,152,0.992443787825087,1.2124862189389205,0.9924437616218865,1.2124862189298256
ChaosNLI,153,0.9636637779993876,-9.624692351082672,0.9636522588836526,-9.624693754707437
ChaosNLI,154,1.0667104448672284,-51.37837157828278,1.06671046914488,-51.37837157824333
ChaosNLI,155,1.062222340811863,-30.850606255169737,1.0622223976998724,-30.850606255178832
ChaosNLI,156,0.9685490316474262,-7.685183555000322,0.9684423816885541,-7.685313034332921
ChaosNLI,157,0.9510246717229295,-21.019292400599966,0.9510730252320151,-21.005043057011903
ChaosNLI,158,1.048923218745993,-7.425756426278326,1.0489231399424175,-7.425756426331191
ChaosNLI,159,1.04857320872604,-23.869689205718828,1.0485005974213943,-23.869772777347066
ChaosNLI,160,1.0220206853356226,-6.169675877578243,1.022020680066473,-6.169675877571535
ChaosNLI,161,0.9994283283567518,1.9926527015089732,0.9994284169010047,1.9926527013310533
ChaosNLI,162,1.056618481991615,-51.642860344853716,1.0566185366028642,-51.64286034476129
ChaosNLI,163,0.9709963341228393,-12.453948368251531,0.97099657341334,-12.453774410919095
ChaosNLI,164,1.020573292928833,-24.35497568218352,1.0205732841533643,-24.35498084807216
ChaosNLI,165,1.039906569531076,-22.887849234129476,1.0398714851260173,-22.887876629188895
ChaosNLI,166,0.9792482315552831,-16.99153287880108,0.9792490688931788,-16.990746253634825
ChaosNLI,167,0.9452531341539421,-21.175445578405743,0.9441960787389728,-21.203485350610663
ChaosNLI,168,1.1133606479453872,-38.01389881198304,1.1133606601033332,-38.01389881197588
ChaosNLI,169,0.974665008700441,-1.779289305485463,0.9746651714533775,-1.7792893053294847
ChaosNLI,170,1.045051279905816,-23.92617229846428,1.0450188309849022,-23.92619166516465
ChaosNLI,171,0.9690520754593259,-11.496502819158422,0.9690520846908359,-11.496502820352248
ChaosNLI,172,1.0283969470228247,-21.76821084001324,1.0283969404585902,-21.768211656272
ChaosNLI,173,0.9321697273740887,-34.54230786433959,0.9322434022162804,-34.53988623856969
ChaosNLI,174,0.9636163111452224,-24.838286727262357,0.9637239700480247,-24.820834626442434
ChaosNLI,175,1.0157892139864575,0.0452353500756999,1.0157892552453271,0.04523535006603652
ChaosNLI,176,0.9539649072485424,-16.829878143923906,0.9539648779695946,-16.829878143943574
ChaosNLI,177,1.0588425149343121,-14.56959855834566,1.0588425435416555,-14.56959855835612
ChaosNLI,178,0.991570090494227,-3.553184044861723,0.9915411970177157,-3.578789730870767
ChaosNLI,179,1.0421871170858175,-22.21881182134041,1.0422218396563128,-22.218788561177234
ChaosNLI,180,1.0441188677241793,-9.561814474527978,1.0441188264808445,-9.561814474654398
ChaosNLI,181,1.0200662219473258,-4.265057101115417,1.0200663288061518,-4.265057101093703
ChaosNLI,182,0.9845896477909775,-7.293829739776925,0.9845887435213989,-7.294552153295285
ChaosNLI,183,1.0364856517598384,-5.393423912601975,1.0364856424774418,-5.393423912602088
ChaosNLI,184,1.058207778889771,-30.08871268119526,1.0582076985595235,-30.088712681289167
ChaosNLI,185,1.0442977681517214,-16.966023378331897,1.044297756816704,-16.966023378340537
ChaosNLI,186,0.9756299888762117,-12.678568115787357,0.9756175569254001,-12.683992832545414
ChaosNLI,187,0.9880758942916489,-6.922507006661817,0.9880759111831797,-6.922485817303368
ChaosNLI,188,1.0046065366870427,-0.11401933563956845,1.0049281970864,-0.07692044090981653
ChaosNLI,189,0.9534669899974936,-15.418577709187616,0.9534529908671764,-15.418579739886013
ChaosNLI,190,1.0837481316839814,-23.579709405886092,1.0837481128859712,-23.5797094059036
ChaosNLI,191,1.0550519114795707,-14.69711925695367,1.0550519010323272,-14.697119256982546
ChaosNLI,192,0.9874155544790101,-0.4106414449249769,0.987415535901581,-0.41064144494635
ChaosNLI,193,0.9441723220862465,-12.113183413541151,0.9442772487507365,-12.107317111199336
ChaosNLI,194,0.9643571371199535,-14.72297332045639,0.964357146322106,-14.722973320451729
ChaosNLI,195,1.0002460435811273,1.9970856223804958,1.000246062037662,1.9970856223856117
ChaosNLI,196,1.0027263769802697,1.888714980053237,1.0027264000732723,1.8887149800821135
ChaosNLI,197,0.9755293067775259,-11.391882734708247,0.9755292783344801,-11.391899111633506
ChaosNLI,198,1.0046565958466303,1.8671182106121478,1.0046564432879226,1.8671182108117819
ChaosNLI,199,1.0096477484140778,1.3975114766092247,1.0097518625404724,1.3975879497576216
Snapshot_Serengeti,0,3.2783625774590086,-23.90351388272336,3.278317001738846,-23.903513881728458
Snapshot_Serengeti,1,3.106432799869315,-19.510891871678638,3.1064341214474647,-19.510891853737576
Snapshot_Serengeti,2,2.637728537848483,-10.55805019941107,2.637762837689876,-10.558050233407045
Snapshot_Serengeti,3,2.898757552780399,-16.81910657609984,2.898753098049677,-16.819106583378755
Snapshot_Serengeti,4,3.383410371783853,-23.49710159652946,3.383343019831259,-23.497101615913238
Snapshot_Serengeti,5,3.19559257442205,-21.680929460066267,3.1956037545379585,-21.680929471688046
Snapshot_Serengeti,6,3.685996696435857,-24.17064335312901,3.6859623398265526,-24.170643347330696
Snapshot_Serengeti,7,3.104018718657437,-23.470084402328524,3.1040129603329634,-23.470084419338747
Snapshot_Serengeti,8,3.345083116343101,-20.906514908481597,3.3449837346917963,-20.90651491899655
Snapshot_Serengeti,9,2.8654344664119913,-18.7339904885379,2.8654051310719524,-18.733990478081893
Snapshot_Serengeti,10,3.41682406161206,-22.504034871146388,3.4168594415922326,-22.504034876962805
Snapshot_Serengeti,11,3.4625431648990963,-28.892611354380335,3.46245116603936,-28.892611328405224
Snapshot_Serengeti,12,3.3175702859524354,-28.801777016048987,3.317589805194102,-28.801777028679282
Snapshot_Serengeti,13,3.020582102837079,-14.778142319949751,3.020486220030522,-14.778142325759006
Snapshot_Serengeti,14,3.134592669158472,-22.04738422898859,3.134660273066514,-22.04738421578233
Snapshot_Serengeti,15,2.941920444597805,-19.316120856830423,2.941902231962922,-19.316120846186635
Snapshot_Serengeti,16,3.157025108325378,-21.51732657343706,3.1570587566877863,-21.517326535988445
Snapshot_Serengeti,17,3.158392690635602,-25.715244790806167,3.1583595710976273,-25.715244779949103
Snapshot_Serengeti,18,2.917861108189044,-15.548030364322614,2.917850089735852,-15.548030377886647
Snapshot_Serengeti,19,2.7655581088845045,-13.605997454069268,2.7655909199103914,-13.605997463132212
Snapshot_Serengeti,20,3.037600985357248,-28.60301397539797,3.037604320309733,-28.603013977194564
Snapshot_Serengeti,21,3.062104313969885,-20.849072677796585,3.06201834429251,-20.849072679986534
Snapshot_Serengeti,22,3.0390313759131233,-17.640248008953876,3.0391191797545085,-17.640248025206148
Snapshot_Serengeti,23,2.6180948366108785,-14.948967582244904,2.6180913171892897,-14.948967585629646
Snapshot_Serengeti,24,3.090053946633587,-20.32253064267303,3.090047764433452,-20.322530644193876
Snapshot_Serengeti,25,3.2771131316945366,-17.689624275148844,3.2771113163764056,-17.689624272074667
Snapshot_Serengeti,26,2.4866929249245717,-12.343430606968042,2.4867200265215508,-12.343430596071926
Snapshot_Serengeti,27,3.1214101253630706,-20.45022576587334,3.12139057479024,-20.45022577594895
Snapshot_Serengeti,28,2.993899522711816,-18.690941837123603,2.993930441741283,-18.690941816301375
Snapshot_Serengeti,29,2.5960031702583315,-16.460722649607817,2.5960359820851284,-16.460722642633186
Snapshot_Serengeti,30,2.8368917094763355,-19.373825336631825,2.836958915612495,-19.373825339879858
Snapshot_Serengeti,31,3.193947417035212,-15.797534470000528,3.1937421723223927,-15.797534479833331
Snapshot_Serengeti,32,2.9638790928188494,-18.100559413199903,2.9639169474090274,-18.10055941153024
Snapshot_Serengeti,33,4.1995984842995435,-30.96953998858089,4.199591688636402,-30.96953998626114
Snapshot_Serengeti,34,2.812766639798399,-20.164565469316386,2.8127884971552923,-20.164565485184056
Snapshot_Serengeti,35,2.715985108191152,-13.84340473484039,2.7159676490744027,-13.843404741509403
Snapshot_Serengeti,36,2.863282800749853,-17.88365680891124,2.8632820340606826,-17.883656801955766
Snapshot_Serengeti,37,4.0818057481842045,-31.294437929626753,4.081821844793569,-31.2944379358689
Snapshot_Serengeti,38,3.0690918712142508,-20.09171665445254,3.0691395705337525,-20.091716648990257
Snapshot_Serengeti,39,2.9466297387734772,-21.965918744615465,2.9466654255124967,-21.96591874993436
Snapshot_Serengeti,40,2.7752828154223708,-15.552526539291676,2.775311716104449,-15.552526539576604
Snapshot_Serengeti,41,3.695931270314619,-25.272790407251364,3.6957305643365586,-25.27279034614719
Snapshot_Serengeti,42,3.0506673465187153,-18.266254492965288,3.050658171792085,-18.266254503488597
Snapshot_Serengeti,43,2.3272386739981683,-13.063079313665014,2.3272485319871676,-13.06307931806191
Snapshot_Serengeti,44,2.4623396098898445,-13.79434639327593,2.4623539196010533,-13.794346388893103
Snapshot_Serengeti,45,2.760882013773504,-16.260184740465064,2.7608554564863588,-16.260184713876697
Snapshot_Serengeti,46,3.444858918141402,-24.055624131167832,3.444819430491359,-24.055624137599636
Snapshot_Serengeti,47,3.745511486664929,-25.610045162550335,3.7454960851693926,-25.610045158116606
Snapshot_Serengeti,48,3.2692596879819655,-18.809151534914633,3.2691490381847172,-18.80915155473801
Snapshot_Serengeti,49,3.299620502324701,-24.1593470249924,3.299675338028023,-24.159347020313845
Snapshot_Serengeti,50,3.1721919097559756,-17.515623969838373,3.17219137485404,-17.51562397613381
Snapshot_Serengeti,51,3.246513681822524,-19.087116168848837,3.2465168796550126,-19.087116162628405
Snapshot_Serengeti,52,2.669048618794552,-12.881993396703706,2.6690348563039605,-12.881993412559268
Snapshot_Serengeti,53,2.705626326255932,-16.739170010393735,2.705642763806874,-16.73917000139113
Snapshot_Serengeti,54,3.0722605475041336,-19.721807154196853,3.0723077083648347,-19.721807159806787
Snapshot_Serengeti,55,3.5715191493025014,-23.99112667449606,3.5714488340865236,-23.99112668364964
Snapshot_Serengeti,56,3.373339712332668,-30.773062590212447,3.373310908510591,-30.7730625922091
Snapshot_Serengeti,57,3.248076582234901,-21.11024755546711,3.248119354825139,-21.11024753551922
Snapshot_Serengeti,58,3.1147062965014736,-16.520835946300963,3.114654073196195,-16.52083595071923
Snapshot_Serengeti,59,2.9244648157755737,-20.924191614319113,2.9244639727612594,-20.924191613504604
Snapshot_Serengeti,60,3.166865386317594,-19.275355795926316,3.166862359144355,-19.275355797455205
Snapshot_Serengeti,61,2.8109509070817076,-21.240472661355426,2.81094642046768,-21.240472662658107
Snapshot_Serengeti,62,3.4255910921491513,-17.429456028982997,3.42555814725874,-17.42945602734528
Snapshot_Serengeti,63,3.4518099060855687,-25.86236827889178,3.451747613803377,-25.86236826807243
Snapshot_Serengeti,64,3.3012585183486607,-18.14732761561305,3.3013655039142153,-18.14732763935882
Snapshot_Serengeti,65,3.899971966169756,-27.85841807539137,3.899979427393023,-27.85841807886345
Snapshot_Serengeti,66,2.86572304948615,-14.844680264307698,2.8657236098572842,-14.844680265545378
Snapshot_Serengeti,67,2.994910113667731,-19.93355771054442,2.9949124481610174,-19.933557711709085
Snapshot_Serengeti,68,2.3048624226262437,-11.730587012638665,2.304839302511495,-11.730587004683429
Snapshot_Serengeti,69,3.2074674016875315,-21.171310328780095,3.2073779278220593,-21.171310327320953
Snapshot_Serengeti,70,2.339361283818266,-9.370442772358501,2.339323741103966,-9.370442769450534
Snapshot_Serengeti,71,3.0802296107531237,-20.620438034780307,3.080214829528937,-20.62043803496553
Snapshot_Serengeti,72,3.3479124312449438,-22.948128347316867,3.34791536280867,-22.948128350794974
Snapshot_Serengeti,73,2.8026487718792694,-19.071370155057934,2.8026830593190097,-19.071370140663674
Snapshot_Serengeti,74,2.813305523286635,-14.796924821985101,2.8132916064692943,-14.796924818546415
Snapshot_Serengeti,75,2.8754489226464943,-17.518172138692023,2.8754403933994976,-17.518172144796438
Snapshot_Serengeti,76,3.088755413133791,-23.354915231534505,3.0887344606855343,-23.35491521711674
Snapshot_Serengeti,77,3.1045440791487935,-21.027990487214595,3.104575109145995,-21.02799049736086
Snapshot_Serengeti,78,2.9669826539329023,-21.07021258282262,2.96695884835754,-21.070212598517088
Snapshot_Serengeti,79,3.1277921778354654,-22.014598553706094,3.127800559942399,-22.01459855821011
Snapshot_Serengeti,80,3.0444775413139396,-19.47791909598689,3.044495833204014,-19.477919099972752
Snapshot_Serengeti,81,2.9985406090409343,-19.54612034286589,2.998530143856511,-19.54612034260026
Snapshot_Serengeti,82,3.166471687737908,-18.138931221135778,3.1664834085300915,-18.13893123002859
Snapshot_Serengeti,83,3.2837567726780583,-16.84835874278943,3.283791125283798,-16.848358757636788
Snapshot_Serengeti,84,2.8966176171821076,-19.94853842346305,2.8966284059634244,-19.948538423565907
Snapshot_Serengeti,85,2.6280433220723056,-16.160460408013222,2.6280662026127364,-16.160460429899047
Snapshot_Serengeti,86,2.8581550361548023,-15.214715588724516,2.8581427361636758,-15.214715614195114
Snapshot_Serengeti,87,2.7416924505434817,-11.616380096943203,2.741691923983568,-11.616380104406005
Snapshot_Serengeti,88,2.803023655901726,-19.11980113738258,2.803047811712776,-19.11980115271919
Snapshot_Serengeti,89,2.65946866806485,-15.521157667080189,2.659423353941165,-15.521157663821526
Snapshot_Serengeti,90,3.242265833117755,-24.08470531369369,3.2423740546722417,-24.0847053050054
Snapshot_Serengeti,91,2.917234225719001,-12.293036269889399,2.917181448370811,-12.293036277667142
Snapshot_Serengeti,92,2.766561424023952,-22.53803414975721,2.76655386265019,-22.538034150958538
Snapshot_Serengeti,93,3.5672150673770986,-23.390399058365887,3.567276037956653,-23.39039907281247
Snapshot_Serengeti,94,3.172295597436151,-22.365169009862427,3.172370559323484,-22.365169020263295
Snapshot_Serengeti,95,3.098731864574889,-22.562974146218522,3.0987103035154866,-22.56297413306652
Snapshot_Serengeti,96,3.1060332588000987,-29.79039232045801,3.1060387232398994,-29.790392324000322
Snapshot_Serengeti,97,3.1011294307579136,-24.73596659088122,3.1011321281158595,-24.735966590986095
Snapshot_Serengeti,98,3.101252555644422,-22.2485797583023,3.1012447635626383,-22.24857976247813
Snapshot_Serengeti,99,3.2699717769000096,-19.989505411636998,3.2699897456565785,-19.989505415533642
Snapshot_Serengeti,100,2.4524111718745094,-15.114653428290836,2.452405929175065,-15.11465343165193
Snapshot_Serengeti,101,3.7123102265489987,-26.516394374166794,3.7123038346967387,-26.516394380172216
Snapshot_Serengeti,102,3.606954235428677,-27.431482326892194,3.6068664199364853,-27.431482325995177
Snapshot_Serengeti,103,3.3275980926294615,-19.978337552829714,3.3275853639460466,-19.978337551501255
Snapshot_Serengeti,104,2.455469552238338,-10.80981849245316,2.4554687505483694,-10.809818490664298
Snapshot_Serengeti,105,3.1419668600045845,-19.27416906656819,3.1419799744168313,-19.27416906995228
Snapshot_Serengeti,106,2.6917700132073286,-15.840625068068647,2.6917300513733435,-15.840625067680577
Snapshot_Serengeti,107,3.277570290796445,-23.528279656112744,3.277533652360575,-23.52827964080413
Snapshot_Serengeti,108,3.571118787419376,-24.51058384429905,3.5712350899723004,-24.510583871941634
Snapshot_Serengeti,109,2.5998132783108026,-14.290416757180026,2.5998102387323465,-14.290416758387408
Snapshot_Serengeti,110,3.513913100980048,-29.438522723633838,3.5138919393683326,-29.438522743364047
Snapshot_Serengeti,111,2.5964252902831175,-19.00264137614036,2.5964325855997754,-19.002641380430845
Snapshot_Serengeti,112,3.1728718669750586,-20.19775568324212,3.172850312598864,-20.197755685375967
Snapshot_Serengeti,113,3.107472525900858,-25.018654457702212,3.1074838505217417,-25.01865446446459
Snapshot_Serengeti,114,2.707918266816401,-16.52519704913584,2.7079271445868676,-16.525197052660957
Snapshot_Serengeti,115,2.9707350628249993,-16.395131119436655,2.970743869460837,-16.395131106213398
Snapshot_Serengeti,116,3.4421581677531607,-19.531741239625262,3.4420410201107585,-19.531741237228147
Snapshot_Serengeti,117,3.0331819708964773,-21.662333340432582,3.033188394093714,-21.662333344716444
Snapshot_Serengeti,118,3.0217611201697046,-23.799109746600095,3.021717918703679,-23.799109729976067
Snapshot_Serengeti,119,3.324528251071416,-16.676779823256027,3.3244837221732912,-16.67677980934201
Snapshot_Serengeti,120,2.8533583595539502,-14.95826641173943,2.853349711465579,-14.958266401498463
Snapshot_Serengeti,121,3.35409392360868,-23.1683853262966,3.3541281553495272,-23.168385304553595
Snapshot_Serengeti,122,3.0018417931189783,-21.864684820339733,3.001840301570908,-21.864684821213984
Snapshot_Serengeti,123,3.6162654396538754,-20.92153130540629,3.616086548350056,-20.921531313029675
Snapshot_Serengeti,124,3.5736225941243673,-21.871401730017624,3.5735996660349816,-21.87140172786812
Snapshot_Serengeti,125,2.969348244978793,-19.615459392625297,2.969332750897641,-19.615459369904784
Snapshot_Serengeti,126,2.9614909140538543,-26.117865604382416,2.9614864826853924,-26.11786560659911
Snapshot_Serengeti,127,2.719567282429086,-12.575407335628284,2.7195667310945932,-12.57540733700506
Snapshot_Serengeti,128,2.838281126133506,-22.637521259482185,2.8382704917813912,-22.637521255493454
Snapshot_Serengeti,129,2.8586098172644694,-22.67630464919432,2.8585733701203946,-22.676304653542786
Snapshot_Serengeti,130,3.29855296861475,-23.21136598114461,3.2985466562700463,-23.211365981576904
Snapshot_Serengeti,131,2.8649979764560904,-20.6376304661855,2.8650086283497895,-20.637630456251912
Snapshot_Serengeti,132,2.9350421507827913,-19.814844188409808,2.935055875245135,-19.81484419200757
Snapshot_Serengeti,133,3.4708021251535963,-25.106967026272258,3.4707404091161522,-25.10696702339817
Snapshot_Serengeti,134,2.983662944743418,-17.539850290238633,2.983563725184841,-17.539850304513635
Snapshot_Serengeti,135,2.6022516075438706,-12.99154941777229,2.602352000409204,-12.991549398335536
Snapshot_Serengeti,136,2.886407931156445,-17.477000975471327,2.8863706772333892,-17.477000949702102
Snapshot_Serengeti,137,3.2180732449650686,-19.99779744870142,3.218070858428014,-19.99779744736037
Snapshot_Serengeti,138,2.9271210410678563,-16.175698793825546,2.927126276280494,-16.17569877235121
Snapshot_Serengeti,139,2.9165851636027424,-13.81135012202364,2.916568699814097,-13.811350105461997
Snapshot_Serengeti,140,3.058214557480178,-27.857926996289706,3.0582200609225825,-27.857926997846192
Snapshot_Serengeti,141,3.135413599309381,-17.922089219638394,3.1354260863340717,-17.922089201269813
Snapshot_Serengeti,142,2.6637174843658245,-11.458412575737214,2.663703284138423,-11.458412568577018
Snapshot_Serengeti,143,3.2463187986435664,-18.856452366985422,3.246300577664979,-18.856452374208658
Snapshot_Serengeti,144,2.636746218450153,-15.054681548448087,2.6367331366732785,-15.054681550457644
Snapshot_Serengeti,145,3.0521865391253833,-22.7196274571412,3.0522217385005335,-22.719627480594937
Snapshot_Serengeti,146,3.0098948708930084,-18.642918202962676,3.009928362639544,-18.642918202126197
Snapshot_Serengeti,147,3.0370462393813686,-26.516241681884395,3.0370292610812384,-26.516241688832082
Snapshot_Serengeti,148,3.535329018035759,-25.013468617037063,3.5352539285645497,-25.01346863090842
Snapshot_Serengeti,149,2.893814398190402,-19.631730630341764,2.893813161185137,-19.63173062813192
Snapshot_Serengeti,150,3.862300571759213,-24.496054775160502,3.8623168330985354,-24.496054771868273
Snapshot_Serengeti,151,3.5939508171294343,-31.46129251713205,3.5940092713432774,-31.46129254637941
Snapshot_Serengeti,152,3.1899045414033655,-22.30159550101257,3.18994266685174,-22.301595489170012
Snapshot_Serengeti,153,2.893212198054836,-23.137441771810785,2.8932002246032935,-23.137441770172614
Snapshot_Serengeti,154,3.0179909726606033,-24.56111128869742,3.0180116038287244,-24.561111297364562
Snapshot_Serengeti,155,3.234666126002561,-18.799638522736387,3.2346762066752057,-18.799638535876085
Snapshot_Serengeti,156,3.471624049974951,-28.7104335171106,3.4716769118630704,-28.7104335329864
Snapshot_Serengeti,157,2.9951961187485643,-18.589271985080785,2.9951353358761246,-18.58927199451597
Snapshot_Serengeti,158,2.6472847687289662,-14.812988185572067,2.647251591017673,-14.812988209194032
Snapshot_Serengeti,159,3.3275123481841096,-21.483520267251976,3.3275546345577975,-21.483520269206423
Snapshot_Serengeti,160,3.0221608697691615,-12.475577838283243,3.0220108952474733,-12.475577846469832
Snapshot_Serengeti,161,3.343384238230968,-20.02435889978122,3.343313478189967,-20.02435890207616
Snapshot_Serengeti,162,2.8185280030505004,-14.829473629749828,2.818539912597431,-14.829473636061522
Snapshot_Serengeti,163,3.2734920145837187,-20.387520809592445,3.2733916097553353,-20.387520818785447
Snapshot_Serengeti,164,3.658547270032288,-28.52493978788675,3.6586650063640915,-28.524939764415933
Snapshot_Serengeti,165,3.038480036034419,-14.105545573307495,3.038358383580408,-14.105545574959848
Snapshot_Serengeti,166,2.722000163921838,-17.54777127702826,2.722041737003543,-17.54777127581076
Snapshot_Serengeti,167,3.172157690115525,-21.338184947022796,3.1722195009437417,-21.338184952982033
Snapshot_Serengeti,168,2.748860602653463,-21.974223157969845,2.7488519241991045,-21.97422315398606
Snapshot_Serengeti,169,3.1922147364554014,-21.05910163683015,3.192227414109212,-21.059101651708943
Snapshot_Serengeti,170,2.6256316518432317,-14.754656525921575,2.625631085384402,-14.754656525640826
Snapshot_Serengeti,171,3.5489070151018742,-31.398405408365733,3.5488985557981576,-31.39840540681604
Snapshot_Serengeti,172,3.4685502992387915,-26.073352978967705,3.4685531149653617,-26.073352973652504
Snapshot_Serengeti,173,3.1000257795234214,-15.588859093279382,3.100006349646184,-15.5888590834019
Snapshot_Serengeti,174,3.1991912671807996,-21.089469029316888,3.1992091172940635,-21.089469005333825
Snapshot_Serengeti,175,2.8722096741912164,-17.857065149391104,2.8721722343041094,-17.857065150841493
Snapshot_Serengeti,176,3.1853582831574125,-23.202627587228818,3.185369667422472,-23.202627590846788
Snapshot_Serengeti,177,3.7251571367921157,-22.420482727014075,3.7252491192566946,-22.420482738397624
Snapshot_Serengeti,178,2.9124981410467403,-22.82731827117493,2.9124700879286243,-22.827318263408046
Snapshot_Serengeti,179,2.9229422006013333,-16.591929900720544,2.9228957443255377,-16.59192992368108
Snapshot_Serengeti,180,2.9637666689522133,-23.24250470354403,2.9637477794394167,-23.242504702188
Snapshot_Serengeti,181,3.165312099393908,-20.417891950606077,3.1653968601727365,-20.41789193194697
Snapshot_Serengeti,182,2.4813590758214152,-17.386272971920874,2.4812874510054064,-17.386272973802846
Snapshot_Serengeti,183,2.66875033767813,-14.144152809378511,2.668781323001358,-14.144152823180463
Snapshot_Serengeti,184,2.784801844322571,-19.424585580318563,2.784795087816721,-19.42458557750649
Snapshot_Serengeti,185,2.8643063923112586,-18.062505660747604,2.864292935158288,-18.06250565317842
Snapshot_Serengeti,186,3.1923001956534547,-25.509671802569954,3.192332980124958,-25.50967179329234
Snapshot_Serengeti,187,3.1783749706215816,-18.6515993824284,3.178344894366778,-18.651599380327724
Snapshot_Serengeti,188,2.886927379539651,-19.770426016457634,2.8869897250824272,-19.77042602519228
Snapshot_Serengeti,189,3.1967073395763292,-19.24610330675742,3.196626760257832,-19.246103357902257
Snapshot_Serengeti,190,3.025770676521326,-15.507301667322622,3.0257439705262117,-15.507301666819387
Snapshot_Serengeti,191,3.125069800875331,-21.162766115654534,3.1250792647057644,-21.16276612445185
Snapshot_Serengeti,192,2.4981309456448044,-12.86352954622157,2.4980868208907165,-12.86352955196719
Snapshot_Serengeti,193,3.6578378286077804,-26.256866968474753,3.6577789540808774,-26.256866983594165
Snapshot_Serengeti,194,2.81968279312429,-14.81885429204354,2.819645186640022,-14.818854293485657
Snapshot_Serengeti,195,2.973522871062395,-26.96948662256989,2.973522249510775,-26.969486622253754
Snapshot_Serengeti,196,3.710936759617747,-25.054509326607132,3.710954071705387,-25.054509334253908
Snapshot_Serengeti,197,2.720119684106355,-16.453811848494297,2.7200497867994997,-16.4538118464925
Snapshot_Serengeti,198,3.5912123714191817,-28.246938988074106,3.591270664097843,-28.24693900043249
Snapshot_Serengeti,199,2.4536825674671383,-11.86745521993089,2.4536917390044555,-11.867455224415124
