N,C_pop,dataset,C_inf
1,0.9486837333333333,CIFAR-10H,0.9922
2,0.9487288666666668,CIFAR-10H,0.9922
3,0.9760548222222222,CIFAR-10H,0.9922
4,0.9789457833333334,CIFAR-10H,0.9922
5,0.9835032266666667,CIFAR-10H,0.9922
6,0.9846457666666665,CIFAR-10H,0.9922
7,0.9863742333333334,CIFAR-10H,0.9922
8,0.9869684305555555,CIFAR-10H,0.9922
9,0.9878442481481481,CIFAR-10H,0.9922
10,0.98815012,CIFAR-10H,0.9922
11,0.9886927744444445,CIFAR-10H,0.9922
12,0.98891532,CIFAR-10H,0.9922
13,0.989298568888889,CIFAR-10H,0.9922
14,0.9894508055555554,CIFAR-10H,0.9922
15,0.9896978312698413,CIFAR-10H,0.9922
16,0.9898197,CIFAR-10H,0.9922
17,0.9900183544444444,CIFAR-10H,0.9922
18,0.9901030033333332,CIFAR-10H,0.9922
19,0.990270208888889,CIFAR-10H,0.9922
20,0.9903346266666667,CIFAR-10H,0.9922
21,0.9904591877777777,CIFAR-10H,0.9922
22,0.9904967888888888,CIFAR-10H,0.9922
23,0.9906219055555555,CIFAR-10H,0.9922
24,0.9906988499999999,CIFAR-10H,0.9922
25,0.9907416833333332,CIFAR-10H,0.9922
30,0.9909976500000001,CIFAR-10H,0.9922
35,0.9912149777777777,CIFAR-10H,0.9922
40,0.9913299244444445,CIFAR-10H,0.9922
45,0.9914533722222223,CIFAR-10H,0.9922
50,0.9915267666666666,CIFAR-10H,0.9922
60,0.9916669055555556,CIFAR-10H,0.9922
70,0.9917389888888889,CIFAR-10H,0.9922
80,0.991841611111111,CIFAR-10H,0.9922
100,0.991935688888889,CIFAR-10H,0.9922
125,0.9920204777777777,CIFAR-10H,0.9922
150,0.9920604222222222,CIFAR-10H,0.9922
200,0.9921329777777778,CIFAR-10H,0.9922
300,0.9921578777777779,CIFAR-10H,0.9922
500,0.9922069666666666,CIFAR-10H,0.9922
1,0.812491236651178,Snapshot_Serengeti,0.9609929078014184
2,0.8125908535094154,Snapshot_Serengeti,0.9609929078014184
3,0.8750670362218418,Snapshot_Serengeti,0.9609929078014184
4,0.8885912203472731,Snapshot_Serengeti,0.9609929078014184
5,0.9056716882693404,Snapshot_Serengeti,0.9609929078014184
6,0.9121601043449907,Snapshot_Serengeti,0.9609929078014184
7,0.9206394197362651,Snapshot_Serengeti,0.9609929078014184
8,0.9243404866715578,Snapshot_Serengeti,0.9609929078014184
9,0.9287689374382943,Snapshot_Serengeti,0.9609929078014184
10,0.9313567511752399,Snapshot_Serengeti,0.9609929078014184
11,0.9344010624711285,Snapshot_Serengeti,0.9609929078014184
12,0.9360901741800495,Snapshot_Serengeti,0.9609929078014184
13,0.9381073476264231,Snapshot_Serengeti,0.9609929078014184
14,0.9393342164615093,Snapshot_Serengeti,0.9609929078014184
15,0.940984369989946,Snapshot_Serengeti,0.9609929078014184
16,0.9418358022103437,Snapshot_Serengeti,0.9609929078014184
17,0.9430963968370425,Snapshot_Serengeti,0.9609929078014184
18,0.9439228037281595,Snapshot_Serengeti,0.9609929078014184
19,0.9447557077253335,Snapshot_Serengeti,0.9609929078014184
20,0.9454908589440504,Snapshot_Serengeti,0.9609929078014184
21,0.9462489280182603,Snapshot_Serengeti,0.9609929078014184
22,0.9467463764571615,Snapshot_Serengeti,0.9609929078014184
23,0.9474124942257003,Snapshot_Serengeti,0.9609929078014184
24,0.9478493084427054,Snapshot_Serengeti,0.9609929078014184
25,0.948374307763376,Snapshot_Serengeti,0.9609929078014184
30,0.9502515556642482,Snapshot_Serengeti,0.9609929078014184
35,0.9517568680198908,Snapshot_Serengeti,0.9609929078014184
40,0.9526665443873807,Snapshot_Serengeti,0.9609929078014184
45,0.9535035732724656,Snapshot_Serengeti,0.9609929078014184
50,0.9542708078584821,Snapshot_Serengeti,0.9609929078014184
60,0.9552839325018342,Snapshot_Serengeti,0.9609929078014184
70,0.9560185049319312,Snapshot_Serengeti,0.9609929078014184
80,0.9565140621178773,Snapshot_Serengeti,0.9609929078014184
100,0.9573005896578898,Snapshot_Serengeti,0.9609929078014184
125,0.9579097307138393,Snapshot_Serengeti,0.9609929078014184
150,0.9583107252520312,Snapshot_Serengeti,0.9609929078014184
200,0.9589211706203635,Snapshot_Serengeti,0.9609929078014184
300,0.95944933561588,Snapshot_Serengeti,0.9609929078014184
500,0.9599528817151708,Snapshot_Serengeti,0.9609929078014184
1,0.7850364754517961,ChaosNLI,1.0
2,0.8759704818718055,ChaosNLI,1.0
3,0.9122966579018689,ChaosNLI,1.0
4,0.9321139921656325,ChaosNLI,1.0
5,0.9444997361756208,ChaosNLI,1.0
6,0.9530541723091341,ChaosNLI,1.0
7,0.9593073190629852,ChaosNLI,1.0
8,0.9640549294726155,ChaosNLI,1.0
9,0.9677617014910691,ChaosNLI,1.0
10,0.9708149997667151,ChaosNLI,1.0
11,0.9733115083057687,ChaosNLI,1.0
12,0.9754511210933378,ChaosNLI,1.0
13,0.9772176137549845,ChaosNLI,1.0
14,0.9787670107138279,ChaosNLI,1.0
15,0.9801388117137323,ChaosNLI,1.0
16,0.9813286638159795,ChaosNLI,1.0
17,0.9823619504997937,ChaosNLI,1.0
18,0.9833238874442182,ChaosNLI,1.0
19,0.9841783317703217,ChaosNLI,1.0
20,0.984928645951471,ChaosNLI,1.0
21,0.9856190717003885,ChaosNLI,1.0
22,0.9862620792776327,ChaosNLI,1.0
23,0.986840249084391,ChaosNLI,1.0
24,0.9874005281169931,ChaosNLI,1.0
25,0.9878918639315586,ChaosNLI,1.0
30,0.9898792490978752,ChaosNLI,1.0
35,0.9913182217920907,ChaosNLI,1.0
40,0.9924052885175112,ChaosNLI,1.0
45,0.9932516620995949,ChaosNLI,1.0
50,0.9939380147932211,ChaosNLI,1.0
60,0.9949687135945631,ChaosNLI,1.0
70,0.9957016883486548,ChaosNLI,1.0
80,0.9962623191587398,ChaosNLI,1.0
100,0.9970373698500048,ChaosNLI,1.0
125,0.9976595140968545,ChaosNLI,1.0
150,0.9980668872504606,ChaosNLI,1.0
200,0.9985782517358405,ChaosNLI,1.0
300,0.9990689948360597,ChaosNLI,1.0
500,0.9994520223242217,ChaosNLI,1.0
